,City,Lat,Lng,Max Temp,Humidity,Cloudiness,Wind Speed,Country,Date
0,Tiznit Province,29.58,-9.5,54.28,71,77,6.04,MA,1587953084
1,Mazatlán,23.22,-106.42,82.4,45,5,5.82,MX,1587952922
2,Yulara,-25.24,130.99,73.4,53,29,16.11,AU,1587953084
3,Dikson,73.51,80.55,23.34,95,87,12.82,RU,1587953085
4,Sabang,5.89,95.32,83.93,75,90,10.02,ID,1587953086
5,Gamba,-2.65,10.0,77.13,90,30,5.91,GA,1587953086
6,Kaitangata,-46.28,169.85,55.99,70,80,3.0,NZ,1587953086
7,Bredasdorp,-34.53,20.04,60.8,82,100,9.17,ZA,1587953087
8,Westport,41.14,-73.36,44.6,87,90,16.11,US,1587952985
9,Busselton,-33.65,115.33,64.99,54,1,7.14,AU,1587953087
10,Bluff,-46.6,168.33,55.99,77,18,15.01,NZ,1587952864
11,Bathsheba,13.22,-59.52,78.8,74,40,20.8,BB,1587953088
12,Cherskiy,68.75,161.3,32.29,97,99,15.97,RU,1587953088
13,Tuktoyaktuk,69.45,-133.04,21.2,73,90,9.17,CA,1587953089
14,Sandovo,58.46,36.41,33.58,85,100,2.46,RU,1587953089
15,Leningradskiy,69.38,178.42,21.9,94,4,5.75,RU,1587953089
16,Arraial do Cabo,-22.97,-42.03,75.11,75,0,9.93,BR,1587953028
17,Tiszaújváros,47.93,21.08,33.8,80,2,2.01,HU,1587953090
18,Samarai,-10.62,150.67,83.05,80,89,7.87,PG,1587953090
19,Cabo San Lucas,22.89,-109.91,89.6,22,5,11.41,MX,1587953091
20,Zakamensk,50.37,103.29,72.72,22,12,1.9,RU,1587953091
21,Saint-Philippe,-21.36,55.77,75.2,73,20,8.05,RE,1587953092
22,Rikitea,-23.12,-134.97,75.34,80,6,16.26,PF,1587953092
23,Jamestown,42.1,-79.24,39.99,93,90,12.75,US,1587953093
24,Zalesovo,53.99,84.74,57.43,36,42,7.7,RU,1587953093
25,Harare,-17.83,31.05,51.35,62,0,4.36,ZW,1587952889
26,Mar del Plata,-38.0,-57.56,61.0,77,71,13.87,AR,1587952971
27,Sault Ste. Marie,46.52,-84.33,46.4,45,1,8.59,CA,1587952930
28,Albion,42.24,-84.75,51.8,23,1,6.44,US,1587952984
29,Caravelas,-17.71,-39.25,74.3,74,12,12.44,BR,1587953095
30,Santa Maria,-29.68,-53.81,69.8,83,75,11.41,BR,1587953095
31,Kaduqli,11.02,29.72,76.48,15,100,6.06,SD,1587953096
32,Tazovsky,67.47,78.7,25.77,97,100,8.1,RU,1587953096
33,Nome,64.5,-165.41,33.8,69,1,5.82,US,1587953097
34,Lagoa,39.05,-27.98,57.47,62,100,9.08,PT,1587953097
35,Hithadhoo,-0.6,73.08,84.76,76,23,10.69,MV,1587952930
36,Puerto Nariño,-3.77,-70.38,75.2,100,97,0.27,CO,1587952911
37,Hambantota,6.12,81.12,84.38,73,32,5.7,LK,1587953098
38,Grajaú,-5.82,-46.14,72.64,89,16,2.62,BR,1587953099
39,Albany,42.6,-73.97,39.2,86,90,11.41,US,1587953100
40,Roald,62.58,6.13,42.01,75,9,23.04,NO,1587953100
41,Alta Floresta,-9.88,-56.09,71.58,89,70,2.1,BR,1587952837
42,Iqaluit,63.75,-68.51,21.2,73,90,12.75,CA,1587953101
43,Ust-Nera,64.57,143.2,31.12,77,76,7.09,RU,1587953101
44,Ushuaia,-54.8,-68.3,39.2,69,67,6.93,AR,1587953102
45,São José da Coroa Grande,-8.9,-35.15,78.91,81,100,4.76,BR,1587953102
46,Posadas,-27.37,-55.9,73.8,73,90,4.07,AR,1587953103
47,Safi,32.3,-9.24,60.67,73,0,4.34,MA,1587953104
48,Hilo,19.73,-155.09,82.4,58,1,11.41,US,1587953104
49,Mataura,-46.19,168.86,55.99,77,66,15.01,NZ,1587953104
50,George Town,5.41,100.34,82.4,88,20,4.7,MY,1587952930
51,Loa Janan,-0.58,117.09,90.03,49,90,2.91,ID,1587953105
52,Cervo,43.67,-7.41,53.01,1,99,9.82,ES,1587953106
53,Pisco,-13.7,-76.22,68.0,77,45,18.34,PE,1587953106
54,Ambulu,-8.35,113.61,83.21,71,14,2.04,ID,1587953106
55,Chara,56.91,118.26,44.49,41,0,2.77,RU,1587953107
56,Tessalit,20.2,1.01,80.11,14,0,9.35,ML,1587953107
57,Alcalá la Real,37.46,-3.92,53.6,81,90,3.36,ES,1587953108
58,East London,-33.02,27.91,66.2,81,74,17.34,ZA,1587953108
59,Vila Franca do Campo,37.72,-25.43,55.4,66,20,5.82,PT,1587953109
60,Hofn,64.25,-15.21,34.5,80,50,4.88,IS,1587953109
61,Rome,43.21,-75.46,42.8,87,90,4.7,US,1587953109
62,Husavik,66.04,-17.34,30.2,92,0,2.24,IS,1587953110
63,Baloži,56.88,24.12,33.8,86,40,3.36,LV,1587952865
64,Taltal,-25.4,-70.48,62.73,71,0,3.2,CL,1587952851
65,Port Alfred,-33.59,26.89,66.0,83,100,8.01,ZA,1587953111
66,Launceston,-41.45,147.17,63.0,63,40,20.8,AU,1587953078
67,Ekibastuz,51.67,75.37,54.7,53,100,18.3,KZ,1587953112
68,Port Blair,11.67,92.75,86.13,69,89,5.59,IN,1587953112
69,Punta Arenas,-53.15,-70.92,32.0,74,15,5.82,CL,1587953113
70,Luganville,-15.53,167.17,77.0,94,90,4.7,VU,1587953113
71,Avarua,-21.21,-159.78,82.4,74,55,6.93,CK,1587952928
72,Puerto Ayora,-0.74,-90.35,79.0,87,16,5.01,EC,1587953114
73,Vardø,70.37,31.11,32.43,95,100,18.07,NO,1587953114
74,Guerrero Negro,27.98,-114.06,68.43,69,1,16.2,MX,1587953114
75,Dingle,11.0,122.67,88.84,59,100,14.25,PH,1587953115
76,Tevriz,57.51,72.4,54.32,44,56,7.54,RU,1587953115
77,Santa Cruz de la Sierra,-17.8,-63.17,75.2,83,40,3.36,BO,1587953044
78,Lavrentiya,65.58,-171.0,23.52,92,50,6.73,RU,1587953116
79,Mponela,-13.53,33.74,57.69,63,28,3.51,MW,1587953116
80,Khovd,48.01,91.64,65.52,12,5,2.59,MN,1587952848
81,Les Cayes,18.2,-73.75,79.84,75,19,7.92,HT,1587953117
82,Gigmoto,13.78,124.39,82.81,74,75,11.32,PH,1587953117
83,Zatoka,46.07,30.47,39.2,55,0,10.4,UA,1587953118
84,Naryan-Mar,67.67,53.09,24.4,95,69,3.8,RU,1587953118
85,Bethel,41.37,-73.41,43.0,86,90,14.99,US,1587953118
86,Sitka,57.05,-135.33,48.2,61,90,25.28,US,1587953119
87,Hermanus,-34.42,19.23,62.01,80,98,8.01,ZA,1587952916
88,Flinders,-34.58,150.86,70.0,64,0,7.25,AU,1587953119
89,Chokurdakh,70.63,147.92,32.52,99,100,11.25,RU,1587953120
90,Zyryanka,65.75,150.85,33.28,98,56,9.01,RU,1587953120
91,Korla,41.76,86.15,75.13,12,0,3.8,CN,1587953121
92,Juneau,58.3,-134.42,46.4,70,90,6.93,US,1587953121
93,Forsytheganj,52.63,29.73,36.91,78,88,6.44,BY,1587953121
94,Katherine,-14.47,132.27,93.2,28,0,20.8,AU,1587953122
95,Berlin,52.52,13.41,48.0,75,7,2.24,DE,1587953004
96,Cape Town,-33.93,18.42,64.0,81,58,5.01,ZA,1587953123
97,Saint Paul Harbor,57.79,-152.41,51.8,74,90,13.87,US,1587953123
98,Varkala,8.73,76.71,78.8,88,20,3.36,IN,1587953124
99,Lima,-12.04,-77.03,69.8,77,93,11.41,PE,1587953124
100,Loukhi,66.08,33.04,27.46,96,51,8.32,RU,1587953125
101,Talnakh,69.49,88.4,24.8,92,40,13.42,RU,1587953125
102,Talas,38.69,35.55,32.0,41,44,5.82,TR,1587953126
103,Pascagoula,30.37,-88.56,64.0,59,1,9.6,US,1587952849
104,Portobelo,9.55,-79.65,82.0,78,34,2.24,PA,1587953126
105,Ballina,-28.87,153.57,75.2,73,75,10.29,AU,1587953127
106,Poum,-20.23,164.02,77.07,72,88,14.16,NC,1587953127
107,Yellowknife,62.46,-114.35,21.2,34,20,3.36,CA,1587953127
108,Hong Kong,22.29,114.16,79.0,65,20,6.93,HK,1587953002
109,Naze,28.37,129.48,69.8,73,100,3.36,JP,1587953128
110,Namatanai,-3.67,152.43,84.65,70,51,7.61,PG,1587953129
111,Geraldton,-28.77,114.6,69.8,60,99,11.41,AU,1587953129
112,Bengkulu,-3.8,102.27,81.72,78,100,8.57,ID,1587953129
113,Sola,-13.88,167.55,76.96,88,100,22.21,VU,1587953130
114,Barrow,71.29,-156.79,15.8,78,90,16.11,US,1587953130
115,La Ronge,55.1,-105.28,37.4,69,75,24.16,CA,1587953131
116,Olkhovka,53.21,60.61,49.24,61,100,6.24,RU,1587953131
117,Faanui,-16.48,-151.75,83.41,73,0,16.22,PF,1587953131
118,Jati,24.35,68.27,83.89,64,0,14.85,PK,1587953132
119,Chui,-33.7,-53.46,63.95,74,46,13.96,UY,1587953132
120,Deputatsky,69.3,139.9,31.3,82,100,5.46,RU,1587953132
121,Griffith,41.53,-87.42,48.2,54,1,4.7,US,1587952840
122,Te Anau,-45.42,167.72,54.0,55,22,7.72,NZ,1587953133
123,Lompoc,34.64,-120.46,64.99,72,1,13.87,US,1587953126
124,Gatton,-27.55,152.28,80.6,47,40,3.36,AU,1587953134
125,Nakhon Thai,17.1,100.84,80.01,43,100,3.91,TH,1587953134
126,Natal,-5.79,-35.21,77.0,88,75,5.82,BR,1587953135
127,Vaini,-21.2,-175.2,75.2,73,90,9.17,TO,1587953135
128,Palmer,42.16,-72.33,42.01,86,90,25.28,US,1587952906
129,Nanortalik,60.14,-45.24,34.7,88,77,32.73,GL,1587953135
130,São João da Barra,-21.64,-41.05,73.09,81,0,6.58,BR,1587953136
131,Mariehamn,60.1,19.93,24.8,92,0,3.36,AX,1587953136
132,Mossamedes,-15.2,12.15,71.33,68,1,8.52,AO,1587953136
133,Marathon,44.9,-89.77,57.2,33,1,8.05,US,1587953137
134,Atuona,-9.8,-139.03,82.54,75,7,17.13,PF,1587953137
135,Kapaa,22.08,-159.32,80.6,61,40,13.87,US,1587953138
136,Washougal,45.58,-122.35,66.2,43,1,8.05,US,1587953078
137,Katete,-0.78,29.75,62.01,62,100,3.6,UG,1587953139
138,Port Macquarie,-31.43,152.92,73.99,73,95,1.01,AU,1587953139
139,Kavaratti,10.57,72.64,85.51,73,65,9.62,IN,1587953140
140,Montevideo,-34.83,-56.17,62.6,77,75,10.29,UY,1587952890
141,Castro,-24.79,-50.01,59.05,53,14,6.44,BR,1587953140
142,Praia,14.92,-23.51,71.6,73,75,14.99,CV,1587952985
143,Nipawin,53.37,-104.0,51.8,62,90,16.11,CA,1587953141
144,Waipawa,-41.41,175.52,62.6,82,100,20.8,NZ,1587953141
145,Airai,-8.93,125.41,72.05,44,29,3.24,TL,1587953142
146,Mana,5.66,-53.78,76.44,89,99,7.94,GF,1587953142
147,Thompson,55.74,-97.86,44.6,87,90,6.93,CA,1587953034
148,Shar,49.59,81.05,55.0,63,100,6.64,KZ,1587953143
149,Ihosy,-22.4,46.12,63.32,71,60,7.74,MG,1587953143
150,Tonekābon,36.82,50.87,55.4,100,90,2.24,IR,1587953144
151,Catuday,16.29,119.81,84.79,63,12,5.77,PH,1587953144
152,Eyl,7.98,49.82,84.11,75,44,7.23,SO,1587953145
153,Bonfim,3.08,-59.95,81.07,68,90,9.64,BR,1587953145
154,Álamo,20.92,-97.68,75.51,86,31,2.77,MX,1587953145
155,Arrondissement de Morlaix,48.58,-4.0,50.0,93,90,0.27,FR,1587953146
156,Canavieiras,-15.68,-38.95,71.67,86,25,7.78,BR,1587953146
157,Lebu,-37.62,-73.65,56.23,91,91,13.76,CL,1587953147
158,Codrington,-38.27,141.97,60.06,61,59,11.27,AU,1587953132
159,Nikolskoye,59.7,30.79,36.0,80,40,4.47,RU,1587953147
160,Idrinskoye,54.37,92.14,56.44,52,100,0.89,RU,1587953148
161,Ulaangom,49.98,92.07,64.62,19,97,3.98,MN,1587953148
162,Upernavik,72.79,-56.15,29.19,96,100,3.87,GL,1587953148
163,Broome,42.25,-75.83,36.0,85,90,8.05,US,1587953149
164,Norman Wells,65.28,-126.83,32.0,93,40,18.34,CA,1587953149
165,Hirara,24.8,125.28,75.2,69,75,12.75,JP,1587953150
166,Río Gallegos,-51.62,-69.22,33.8,74,0,5.82,AR,1587953150
167,Canby,45.26,-122.69,66.2,45,1,10.29,US,1587953151
168,Āsosa,10.07,34.53,69.62,31,90,2.86,ET,1587953151
169,Butaritari,3.07,172.79,83.03,80,66,19.51,KI,1587953151
170,Lüderitz,-26.65,15.16,60.8,87,36,18.34,NA,1587953152
171,Benguela,-12.58,13.41,76.55,78,49,2.66,AO,1587953152
172,Saskylakh,71.92,114.08,22.44,95,100,10.0,RU,1587953153
173,Sørland,67.67,12.69,36.43,79,6,25.26,NO,1587953153
174,Fairbanks,64.84,-147.72,46.99,22,1,4.7,US,1587953154
175,Tiksi,71.69,128.87,22.64,94,50,18.34,RU,1587953154
176,Muros,42.78,-9.06,54.0,85,90,1.01,ES,1587953155
177,Mbuji-Mayi,-6.15,23.6,71.13,75,100,4.27,CD,1587953155
178,Herat Province,34.5,62.0,69.8,43,75,2.24,AF,1587953155
179,Tasiilaq,65.61,-37.64,32.0,96,100,27.51,GL,1587953155
180,Kalemie,-5.95,29.19,72.19,64,65,6.96,CD,1587953156
181,Kutum,14.2,24.67,69.49,18,47,5.59,SD,1587953156
182,Kaeo,-35.1,173.78,71.01,70,95,8.01,NZ,1587953156
183,Lamu,-2.27,40.9,80.11,85,71,9.51,KE,1587953157
184,Sioux Lookout,50.1,-91.92,50.0,31,75,6.93,CA,1587953157
185,Qaanaaq,77.48,-69.36,32.67,89,100,9.46,GL,1587953158
186,Kasangulu,-4.59,15.17,69.37,83,85,1.34,CD,1587953158
187,Kerema,-7.96,145.78,85.62,67,64,6.55,PG,1587953159
188,Maralal,1.1,36.7,58.5,58,38,4.32,KE,1587953159
189,Ponta do Sol,32.67,-17.1,62.6,77,20,5.82,PT,1587953160
190,Biu,10.61,12.19,75.25,61,63,7.2,NG,1587953160
191,Hobart,-42.88,147.33,64.4,45,75,19.46,AU,1587953160
192,Valparaíso,-33.04,-71.63,60.8,87,75,2.68,CL,1587953161
193,Upington,-28.45,21.26,64.4,77,99,2.24,ZA,1587953161
194,Northam,51.03,-4.22,48.99,94,5,3.0,GB,1587953161
195,Vila Velha,-20.33,-40.29,71.01,100,20,3.36,BR,1587953162
196,Tuatapere,-46.13,167.68,55.99,77,40,15.01,NZ,1587953162
197,Oodweyne,9.41,45.06,73.06,59,18,4.34,SO,1587953162
198,Xining,36.62,101.77,57.2,12,0,1.52,CN,1587953163
199,Balabac,7.99,117.06,86.92,67,39,8.48,PH,1587953163
200,Ribeira Grande,38.52,-28.7,57.52,65,100,8.01,PT,1587953163
201,Inuvik,68.35,-133.72,30.2,33,75,6.93,CA,1587953164
202,Avera,33.19,-82.53,60.8,48,1,19.46,US,1587952883
203,Longyearbyen,78.22,15.64,14.0,72,0,1.12,SJ,1587953165
204,Carnarvon,-24.87,113.63,75.2,88,57,14.99,AU,1587953165
205,Sisimiut,66.94,-53.67,32.67,93,83,8.28,GL,1587953166
206,Katsuura,35.13,140.3,61.0,59,75,9.17,JP,1587953166
207,Port Augusta,-32.5,137.77,66.0,68,11,6.93,AU,1587953166
208,Souillac,-20.52,57.52,75.2,94,20,6.22,MU,1587953167
209,Aripuanã,-9.17,-60.63,73.26,93,88,0.54,BR,1587953129
210,Brădeni,46.08,24.83,37.0,86,1,1.12,RO,1587953167
211,Yumbe,3.47,31.25,66.61,73,97,4.9,UG,1587953168
212,Walvis Bay,-22.96,14.51,57.99,100,0,9.17,NA,1587953168
213,Ust'-Ordynskiy,52.8,104.75,55.4,47,100,8.95,RU,1587953169
214,Pitimbu,-7.47,-34.81,77.0,94,20,4.7,BR,1587953169
215,Phan Thiet,10.93,108.1,91.63,44,65,14.03,VN,1587952902
216,Stawell,-37.05,142.77,60.28,43,0,5.32,AU,1587953170
217,Osoyoos,49.03,-119.45,64.4,41,75,5.82,CA,1587953030
218,Bethanien,-26.5,17.16,62.11,46,7,5.86,NA,1587953172
219,Asheboro,35.71,-79.81,55.4,76,90,4.7,US,1587953029
220,Houston,29.76,-95.36,77.0,38,75,10.29,US,1587952961
221,Severo-Kuril'sk,50.68,156.12,34.14,92,100,6.31,RU,1587953174
222,Hasaki,35.73,140.83,61.0,62,75,12.75,JP,1587953174
223,Nurota,40.56,65.69,71.6,49,0,16.11,UZ,1587953011
224,Salta,-24.79,-65.41,68.0,88,90,4.7,AR,1587953176
225,Nouakchott,18.09,-15.98,71.6,68,53,11.41,MR,1587953176
226,Berlevåg,70.86,29.09,30.51,96,100,19.64,NO,1587953176
227,Eureka,40.8,-124.16,60.01,54,1,10.29,US,1587953058
228,New Norfolk,-42.78,147.06,62.01,73,100,3.0,AU,1587953177
229,Tumut,-35.3,148.22,65.34,37,1,3.78,AU,1587953177
230,Bhilwara,25.35,74.63,91.47,22,19,10.27,IN,1587953178
231,Marsá Maţrūḩ,31.35,27.25,60.8,67,88,7.9,EG,1587953178
232,Ciudad Bolivar,8.12,-63.55,81.03,66,100,12.73,VE,1587953079
233,Itajubá,-22.43,-45.45,58.59,65,3,3.44,BR,1587953173
234,Ancud,-41.87,-73.82,57.0,87,20,10.29,CL,1587953067
235,Mizdah,31.45,12.98,66.22,40,0,2.68,LY,1587953180
236,Movila Banului,44.98,26.68,48.2,45,20,5.82,RO,1587953180
237,San Patricio,19.22,-104.7,86.0,74,20,3.18,MX,1587953181
238,Gornyye Klyuchi,45.25,133.5,48.96,51,65,6.35,RU,1587953181
239,Mīnāb,27.15,57.08,75.2,64,20,6.93,IR,1587953182
240,Lindi,-10.0,39.72,75.2,94,20,11.41,TZ,1587953182
241,Nuuk,64.18,-51.72,33.8,86,75,9.82,GL,1587953182
242,Plouzané,48.38,-4.62,50.0,100,90,2.24,FR,1587953183
243,Savelugu,9.62,-0.83,82.94,65,94,11.12,GH,1587953183
244,Omboué,-1.57,9.26,78.06,90,70,4.54,GA,1587953184
245,Manta,-0.95,-80.73,80.6,74,20,8.05,EC,1587953158
246,Kudahuvadhoo,2.67,72.89,85.17,75,5,11.36,MV,1587953184
247,Saint Anthony,45.02,-93.22,59.0,62,75,10.29,US,1587953106
248,San Cristobal,7.77,-72.22,67.69,57,22,1.88,VE,1587952940
249,Akdağmadeni,39.66,35.88,40.48,38,23,3.02,TR,1587953185
250,São Filipe,14.9,-24.5,71.92,80,100,11.25,CV,1587953186
251,The Valley,18.22,-63.06,80.6,74,40,11.41,AI,1587953186
252,Pailón,-17.65,-62.75,75.2,83,40,3.36,BO,1587953187
253,Kawalu,-7.38,108.21,83.05,67,66,3.27,ID,1587953187
254,Ruteng,-8.61,120.47,77.5,44,93,2.42,ID,1587953188
255,Batemans Bay,-35.72,150.18,66.0,74,51,5.99,AU,1587953113
256,Pingdu,36.78,119.95,62.6,29,0,4.47,CN,1587953188
257,Orlik,52.52,99.83,57.63,23,100,1.79,RU,1587953189
258,Khromtau,50.25,58.43,49.17,81,100,8.16,KZ,1587953189
259,Pasil,17.38,121.13,82.56,39,26,1.81,PH,1587953190
260,Burdur,37.72,30.29,42.8,70,82,6.93,TR,1587953190
261,Ürümqi,43.8,87.6,86.0,11,2,2.24,CN,1587953190
262,Mandalgovi,45.76,106.27,64.99,19,0,13.8,MN,1587953191
263,Micheweni,-4.97,39.83,83.52,75,74,19.93,TZ,1587953191
264,Broken Hill,-31.95,141.43,64.4,55,1,12.75,AU,1587953192
265,Binga,-17.62,27.34,70.29,47,36,1.43,ZW,1587953192
266,Port-Cartier,50.03,-66.87,39.99,40,20,5.82,CA,1587953193
267,Beirut,33.89,35.49,60.8,72,7,6.93,LB,1587953193
268,Mattru,7.62,-11.83,76.78,90,87,2.28,SL,1587953194
269,Khatanga,71.97,102.5,24.98,96,96,10.78,RU,1587953194
270,Manoharpur,27.3,75.95,71.6,83,40,8.05,IN,1587953195
271,Vágur,61.47,-6.81,43.09,69,58,24.18,FO,1587953164
272,Rabo de Peixe,37.8,-25.58,55.4,66,20,5.82,PT,1587953195
273,Acapulco de Juárez,16.86,-99.89,78.8,83,20,3.36,MX,1587952960
274,Jumla,29.27,82.18,53.49,32,100,1.83,NP,1587953196
275,Karratha,-20.74,116.85,91.8,37,16,15.66,AU,1587953196
276,Bundaberg,-24.85,152.35,80.6,44,40,12.75,AU,1587952909
277,Ribeira Brava,32.65,-17.07,62.6,77,20,5.82,PT,1587953197
278,Srednekolymsk,67.45,153.68,32.97,98,89,6.4,RU,1587953198
279,Bafra,41.57,35.91,51.8,81,75,6.93,TR,1587953198
280,Padang,-0.95,100.35,77.43,83,100,4.16,ID,1587953198
281,St. George's,12.06,-61.75,80.6,78,20,14.99,GD,1587953199
282,Adrar,20.5,-10.07,76.19,17,0,10.04,MR,1587953199
283,Merrill,45.18,-89.68,57.2,37,1,12.75,US,1587953199
284,Huanren,41.26,125.37,55.38,34,43,4.43,CN,1587953200
285,Stann Creek Town,16.97,-88.23,82.99,79,21,7.0,BZ,1587953201
286,Mount Gambier,-37.83,140.77,59.0,67,100,9.17,AU,1587953202
287,Barabinsk,55.36,78.36,54.21,50,0,4.52,RU,1587953202
288,Frontera,26.93,-101.45,75.94,50,11,11.65,MX,1587953202
289,Bagdarin,54.43,113.6,55.09,32,100,3.49,RU,1587953203
290,Chapais,49.78,-74.85,30.2,42,1,5.82,CA,1587953203
291,Beringovskiy,63.05,179.32,23.5,94,100,9.55,RU,1587953203
292,Waingapu,-9.66,120.26,85.8,60,54,10.09,ID,1587953204
293,Cidreira,-30.18,-50.21,69.3,84,100,15.28,BR,1587953204
294,Nador,35.17,-2.93,60.8,72,20,4.7,MA,1587953204
295,Bubaque,11.28,-15.83,77.77,66,92,13.89,GW,1587953205
296,Vaitape,-16.52,-151.75,84.25,73,0,16.26,PF,1587953205
297,Toba,34.48,136.85,61.0,66,54,7.0,JP,1587953206
298,Bambous Virieux,-20.34,57.76,75.2,94,20,9.22,MU,1587953206
299,Srandakan,-7.94,110.25,86.23,66,5,8.66,ID,1587953206
300,Teya,60.38,92.63,53.01,46,87,9.17,RU,1587953206
301,Gondanglegi,-7.75,112.01,85.59,68,38,4.85,ID,1587953207
302,West Plains,36.73,-91.85,60.8,48,1,3.71,US,1587953195
303,Snezhnogorsk,69.19,33.25,30.2,92,75,6.71,RU,1587953207
304,Half Moon Bay,37.46,-122.43,71.6,67,1,5.82,US,1587953208
305,Port Elizabeth,-33.92,25.57,64.4,82,20,18.34,ZA,1587953179
306,Mobai,7.99,-10.75,73.26,90,85,1.16,SL,1587953208
307,Macao,22.2,113.55,77.0,69,20,6.93,MO,1587953209
308,Carbondale,37.73,-89.22,57.2,44,1,3.36,US,1587952601
309,Shimoda,34.67,138.95,66.0,72,75,10.29,JP,1587953209
310,Bam,29.11,58.36,79.7,18,93,3.02,IR,1587953210
311,Rocha,-34.48,-54.33,58.62,82,38,8.97,UY,1587953066
312,Lokosovo,61.13,74.82,51.12,59,75,13.4,RU,1587953210
313,Skibbereen,51.55,-9.27,48.2,87,75,9.17,IE,1587953211
314,Ankazoabo,-22.28,44.52,63.52,75,19,7.58,MG,1587953211
315,Portland,45.52,-122.68,66.99,34,90,10.29,US,1587952694
316,Abu Samrah,35.3,37.18,52.39,77,20,6.71,SY,1587953212
317,Cândido Mendes,-1.45,-45.72,75.43,90,85,1.52,BR,1587953212
318,Kalmunai,7.42,81.82,85.62,70,20,5.73,LK,1587953213
319,Alofi,-19.06,-169.92,84.2,74,36,8.05,NU,1587953213
320,Prieska,-29.66,22.75,64.26,39,84,4.97,ZA,1587953213
321,Goderich,43.75,-81.72,46.0,80,25,9.04,CA,1587953214
322,Murighiol,45.03,29.17,45.0,60,87,5.82,RO,1587953214
323,Mehrān,33.12,46.16,44.6,75,10,4.7,IR,1587953068
324,Sinnamary,5.38,-52.95,78.87,84,100,13.02,GF,1587953177
325,Paphos,34.77,32.42,51.8,87,33,4.7,CY,1587953215
326,Hamilton,39.18,-84.53,50.0,87,1,4.47,US,1587953216
327,Santa Rita,-7.11,-34.98,77.0,94,20,4.7,BR,1587953216
328,Santa Rosa,14.31,121.11,93.0,55,20,2.24,PH,1587953216
329,Esperance,-33.87,121.9,66.2,59,53,11.41,AU,1587953094
330,Pandan,14.05,124.17,83.66,72,88,11.9,PH,1587953217
331,Mananara,-16.17,49.77,77.43,82,64,4.68,MG,1587953217
332,Kruisfontein,-34.0,24.73,62.44,77,100,13.42,ZA,1587953218
333,Marawi,8.0,124.29,82.99,83,88,7.0,PH,1587953218
334,Saurimo,-9.66,20.39,63.1,59,4,4.03,AO,1587953219
335,Mitú,1.2,-70.17,73.96,89,100,0.72,CO,1587953219
336,Assiut,27.18,31.18,62.6,51,0,9.17,EG,1587953219
337,Lumberton,34.62,-79.01,69.8,42,40,6.93,US,1587953220
338,Brae,60.4,-1.35,41.0,80,37,13.87,GB,1587953220
339,Balikpapan,-1.27,116.83,87.21,55,92,2.26,ID,1587953220
340,Pevek,69.7,170.31,22.59,93,32,12.77,RU,1587953221
341,Salalah,17.02,54.09,82.4,78,20,2.24,OM,1587953221
342,Banda Aceh,5.56,95.32,84.83,71,86,5.59,ID,1587952924
343,Barnaul,53.36,83.76,50.0,46,1,4.47,RU,1587953221
344,Nālūt,30.33,10.85,66.18,45,0,6.67,LY,1587953222
345,Buraidah,26.33,43.98,68.0,42,0,9.17,SA,1587953222
346,Kahului,20.89,-156.47,82.4,54,40,23.04,US,1587953222
347,Capão da Canoa,-29.75,-50.01,68.74,88,91,10.65,BR,1587953223
348,Fortuna,40.6,-124.16,60.01,54,1,10.29,US,1587953223
349,Sarangani,5.4,125.46,80.8,81,100,18.19,PH,1587953224
350,Elbistan,38.21,37.2,44.47,47,2,1.83,TR,1587953225
351,Nizwá,22.93,57.53,84.56,20,0,1.54,OM,1587953226
352,Rokytnice nad Jizerou,50.73,15.43,44.01,86,33,3.13,CZ,1587953226
353,Kieta,-6.22,155.63,84.65,71,29,3.53,PG,1587953227
354,Kupang,-10.17,123.58,89.6,55,20,10.29,ID,1587953090
355,Banjar,-8.19,114.97,84.2,94,20,8.05,ID,1587953228
356,Nishihara,26.18,127.76,69.8,88,75,6.93,JP,1587953228
357,Planá,49.87,12.74,41.0,65,0,2.24,CZ,1587953228
358,Quebo,11.33,-14.93,74.93,61,100,3.78,GW,1587953229
359,Kosh-Agach,50.0,88.67,53.69,17,100,0.74,RU,1587953230
360,Kavieng,-2.57,150.8,83.84,76,21,10.33,PG,1587953230
361,Noumea,-22.28,166.46,80.01,65,90,16.11,NC,1587953124
362,Sur,22.57,59.53,90.88,33,0,10.42,OM,1587953231
363,Quelimane,-17.88,36.89,70.77,91,8,3.0,MZ,1587953231
364,Belaya Gora,68.53,146.42,32.54,98,30,5.66,RU,1587953231
365,Bom Jesus da Lapa,-13.26,-43.42,71.6,83,8,6.93,BR,1587953232
366,Nabire,-3.37,135.48,83.5,72,100,2.82,ID,1587953208
367,Fort Nelson,58.81,-122.7,37.4,51,75,4.7,CA,1587953232
368,Atbasar,51.8,68.33,52.72,58,100,10.65,KZ,1587953233
369,Antalaha,-14.9,50.28,78.12,83,66,8.16,MG,1587953233
370,Hódmezővásárhely,46.42,20.33,39.99,64,1,4.5,HU,1587953233
371,Kadom,54.56,42.47,37.89,91,100,8.95,RU,1587953234
372,Wenling,28.37,121.36,75.0,45,40,5.57,CN,1587953234
373,Mayskiy,47.69,40.1,46.4,75,40,15.66,RU,1587953235
374,Sungai Penuh,-2.08,101.38,66.31,75,100,1.81,ID,1587953235
375,Grindavik,63.84,-22.43,39.2,100,40,4.7,IS,1587953235
376,Hervey Bay,-25.3,152.85,79.0,58,61,5.01,AU,1587953236
377,Aklavik,68.22,-135.01,30.2,33,75,6.93,CA,1587953237
378,Tucumcari,35.17,-103.72,86.0,9,1,16.11,US,1587953070
379,São Gabriel da Cachoeira,-0.13,-67.09,74.88,93,100,1.68,BR,1587953238
380,Isangel,-19.55,169.27,82.4,61,75,9.17,VU,1587953181
381,San Policarpo,12.18,125.51,82.8,81,97,14.56,PH,1587953238
382,Chabahar,25.29,60.64,82.31,59,12,3.44,IR,1587953239
383,Kropotkin,45.44,40.58,49.66,70,69,15.84,RU,1587953239
384,Asău,46.43,26.4,37.99,74,56,2.86,RO,1587953239
385,West Wendover,40.74,-114.07,75.2,21,20,4.7,US,1587952983
386,Nioro,13.35,-15.75,80.55,27,100,7.47,GM,1587953240
387,Flin Flon,54.77,-101.86,38.97,80,96,15.39,CA,1587952963
388,Vila,42.03,-8.16,55.99,100,90,5.82,PT,1587953241
389,Saint-Pierre,-21.34,55.48,75.2,73,20,8.05,RE,1587953241
390,Vyshneve,50.39,30.37,42.01,52,12,11.18,UA,1587953020
391,Provideniya,64.38,-173.3,23.0,73,100,6.71,RU,1587953242
392,Hermiston,45.84,-119.29,71.6,24,1,4.7,US,1587953049
393,Ilulissat,69.22,-51.1,42.8,41,71,20.8,GL,1587953164
394,Nemuro,43.32,145.57,44.6,56,75,4.7,JP,1587952954
395,Ratnagiri,16.98,73.3,84.24,64,6,8.32,IN,1587953244
396,Kétou,7.36,2.6,75.88,84,82,3.6,BJ,1587953244
397,Paragominas,-2.97,-47.48,72.57,94,100,2.59,BR,1587953244
398,Atar,20.52,-13.05,74.01,19,0,9.46,MR,1587953245
399,Matamoros,25.53,-103.25,91.4,24,75,9.17,MX,1587953128
400,Koumac,-20.57,164.28,78.22,64,89,7.02,NC,1587953245
401,Pontes e Lacerda,-15.23,-59.34,72.21,85,54,1.14,BR,1587953246
402,Olafsvik,64.89,-23.71,42.51,81,44,6.17,IS,1587953246
403,Virginia Beach,36.85,-75.98,64.0,82,75,3.36,US,1587953095
404,Betsiamites,48.94,-68.65,35.6,51,1,4.7,CA,1587953247
405,Maragogi,-9.01,-35.22,78.15,83,100,4.76,BR,1587953248
406,Beba,22.44,-79.73,77.0,88,40,5.82,CU,1587953248
407,Cockburn Town,21.46,-71.14,79.9,79,0,17.09,TC,1587953187
408,Houma,29.6,-90.72,73.0,56,1,3.36,US,1587953249
409,Alice Springs,-23.7,133.88,77.0,44,62,9.17,AU,1587952966
410,Kontagora,10.4,5.47,80.19,66,98,7.4,NG,1587953249
411,Barguzin,53.62,109.62,56.07,53,100,4.63,RU,1587953250
412,Gwanda,-20.93,29.0,63.32,59,88,11.97,ZW,1587953250
413,Valdivia,-39.81,-73.25,57.2,87,20,8.05,CL,1587953250
414,Torbay,47.67,-52.73,37.0,51,20,10.29,CA,1587953116
415,Cabedelo,-6.98,-34.83,77.0,94,20,4.7,BR,1587953166
416,Lorengau,-2.02,147.27,86.13,70,64,5.79,PG,1587953251
417,Pangnirtung,66.15,-65.71,19.38,94,100,5.28,CA,1587953202
418,Luruaco,10.61,-75.14,82.4,78,6,11.41,CO,1587953253
419,Yerofey Pavlovich,53.97,121.97,51.04,33,100,13.35,RU,1587953253
420,Kiama,-34.68,150.87,70.0,64,0,7.52,AU,1587953253
421,Kikwit,-5.04,18.82,70.48,81,100,1.12,CD,1587953254
422,Hobyo,5.35,48.53,84.34,76,38,11.03,SO,1587953254
423,Coromandel,-18.47,-47.2,61.45,73,0,4.65,BR,1587953254
424,Morgan City,29.7,-91.21,71.6,43,1,4.7,US,1587953255
425,Zhicheng,30.3,111.5,75.99,54,0,12.12,CN,1587953255
426,Bilibino,68.05,166.44,29.08,91,97,3.29,RU,1587953255
427,Lalín,42.72,-8.12,54.0,100,75,5.82,ES,1587953255
428,Indianola,41.36,-93.56,62.6,42,75,8.05,US,1587953232
429,Santo Domingo,18.5,-69.99,81.0,74,0,1.21,DO,1587953256
430,Lethem,3.38,-59.8,79.45,72,67,10.56,GY,1587953256
431,Yurimaguas,-5.9,-76.08,73.8,89,81,1.03,PE,1587953257
432,Clyde River,70.47,-68.59,19.4,79,40,9.17,CA,1587953257
433,Ridgetown,42.43,-81.9,44.6,87,1,9.17,CA,1587953257
434,Novo Aripuanã,-5.12,-60.38,74.88,90,42,1.68,BR,1587953258
435,Novosergiyevka,52.09,53.65,48.7,85,89,3.94,RU,1587953258
436,Antipovka,49.83,45.31,50.13,73,89,10.54,RU,1587953258
437,Taoudenni,22.68,-3.98,79.45,16,0,9.84,ML,1587953206
438,Fort-Shevchenko,44.51,50.26,53.17,86,0,11.32,KZ,1587953259
439,Bilma,18.69,12.92,86.85,11,9,8.43,NE,1587953259
440,Yar-Sale,66.83,70.83,28.62,99,95,7.29,RU,1587953178
441,Šeduva,55.77,23.77,30.2,74,0,6.93,LT,1587953260
442,Labytnangi,66.66,66.42,29.82,97,100,3.38,RU,1587953260
443,Margate,51.38,1.39,51.01,64,0,1.01,GB,1587953261
444,Wyndham,37.7,-77.61,57.99,82,40,5.82,US,1587953261
445,Donegal,54.65,-8.12,40.8,85,2,2.01,IE,1587953261
446,Farafangana,-22.82,47.83,72.45,82,84,17.31,MG,1587953262
447,Coronado,32.69,-117.18,80.6,68,20,4.7,US,1587953262
448,Port Hardy,50.7,-127.42,48.2,87,90,14.99,CA,1587953263
449,Pedra,-8.5,-36.94,67.35,81,99,2.82,BR,1587953263
450,Constitución,-35.33,-72.42,58.55,85,96,9.35,CL,1587953263
451,Predivinsk,57.07,93.44,61.5,38,38,1.21,RU,1587953264
452,Saldanha,-33.01,17.94,64.4,77,29,19.46,ZA,1587953264
453,Kamenka,51.32,42.77,46.99,76,97,1.99,RU,1587953264
454,Bambanglipuro,-7.95,110.28,86.25,66,5,8.46,ID,1587953265
455,Mahébourg,-20.41,57.7,75.2,94,20,8.41,MU,1587953176
456,Ostrovnoy,68.05,39.51,30.07,96,93,8.7,RU,1587953265
457,Arrondissement de Saint-Denis,48.92,2.33,57.0,66,53,3.36,FR,1587953265
458,Karārī,25.45,81.43,83.07,42,89,13.42,IN,1587953266
459,Pampa,35.54,-100.96,73.4,28,1,11.41,US,1587953266
460,Bandarbeyla,9.49,50.81,83.1,73,66,6.55,SO,1587953266
461,Pacific Grove,36.62,-121.92,66.2,42,1,8.05,US,1587953267
462,Conakry,9.54,-13.68,79.74,72,99,7.67,GN,1587953267
463,San Quintín,30.48,-115.95,68.14,69,0,8.99,MX,1587953267
464,Ixtapa,20.7,-105.2,78.8,57,20,8.05,MX,1587953268
465,Răchitoasa,46.43,27.37,43.0,68,75,3.36,RO,1587953268
466,Luanda,-8.84,13.23,77.0,83,20,9.17,AO,1587953268
467,Charters Towers,-20.1,146.27,83.55,29,0,13.06,AU,1587953067
468,Natá,8.33,-80.52,79.0,49,70,10.25,PA,1587953269
469,Ponta Delgada,37.73,-25.67,55.4,66,20,5.82,PT,1587953269
470,Santa Cruz Cabrália,-16.28,-39.02,71.6,83,40,4.7,BR,1587953265
471,Redlands,34.06,-117.18,87.8,20,75,16.11,US,1587953270
472,Olavarría,-36.89,-60.32,57.0,87,100,4.0,AR,1587953270
473,Chambas,22.19,-78.91,82.4,78,39,12.75,CU,1587953271
474,Madaba Governorate,31.58,35.67,51.8,81,11,1.45,JO,1587953271
475,Topeka,39.05,-95.68,66.2,45,90,8.05,US,1587953258
476,Bamako,12.65,-8.0,89.6,22,28,6.93,ML,1587953272
477,Khor,47.89,134.95,49.69,46,76,6.64,RU,1587953272
478,Gazli,40.13,63.45,82.17,29,100,17.49,UZ,1587953273
479,Ramenskoye,55.57,38.23,37.99,79,3,4.47,RU,1587953273
480,Sayyan,15.17,44.32,59.59,38,10,2.01,YE,1587953273
481,Lusambo,-4.97,23.45,70.65,85,48,1.28,CD,1587953274
482,Fevik,58.38,8.68,46.0,93,100,9.17,NO,1587953274
483,Egvekinot,66.32,-179.17,21.99,90,8,1.72,RU,1587953274
484,Urengoy,65.97,78.37,31.15,99,100,12.17,RU,1587953275
485,Tema,5.67,-0.02,75.2,100,20,5.82,GH,1587953275
486,Nouadhibou,20.93,-17.03,63.91,84,0,19.93,MR,1587953275
487,Ahipara,-35.17,173.17,65.7,74,99,8.68,NZ,1587953276
488,Giohar,2.78,45.5,79.56,81,68,7.16,SO,1587953276
489,Porto Murtinho,-21.7,-57.88,77.83,66,5,3.83,BR,1587953277
490,Nguru,12.88,10.45,77.09,18,62,6.13,NG,1587953277
491,Klaksvík,62.23,-6.59,35.6,93,83,6.93,FO,1587953164
492,Devanahalli,13.23,77.7,84.99,94,20,5.82,IN,1587953278
493,Monmouth,40.3,-74.17,46.4,85,90,10.29,US,1587953278
494,Mufulira,-12.55,28.24,55.53,57,0,4.29,ZM,1587953278
495,Atherton,53.52,-2.49,50.0,70,93,5.82,GB,1587953249
496,Atakpamé,7.53,1.13,73.24,79,61,2.55,TG,1587953279
497,The Pas,53.83,-101.25,42.8,100,90,9.17,CA,1587953280
498,Beloha,-25.17,45.05,62.56,75,36,10.71,MG,1587953280
499,Luau,-10.71,22.22,62.94,60,35,3.78,AO,1587953280
500,Iberia,29.95,-91.75,73.4,46,1,9.17,US,1587953281
501,Yinchuan,38.47,106.27,69.71,15,0,4.38,CN,1587953282
502,Abu Dhabi,24.47,54.37,91.4,21,20,2.24,AE,1587953282
503,Aasiaat,68.71,-52.87,34.68,83,90,9.28,GL,1587953282
504,Hay River,60.82,-115.8,14.0,66,40,8.05,CA,1587953283
505,College,64.86,-147.8,46.4,20,1,4.92,US,1587953283
506,Kyra,49.58,111.98,70.54,22,57,6.76,RU,1587953284
507,Nelson Bay,-32.72,152.15,66.2,93,90,6.93,AU,1587953184
508,Tahe,52.33,124.73,55.85,31,100,6.76,CN,1587953284
509,Chyorny Yar,48.06,46.11,51.24,70,57,9.93,RU,1587953284
510,Yakeshi,49.28,120.73,57.81,27,99,9.93,CN,1587953285
511,Libertador General San Martín,-23.81,-64.79,72.03,67,53,0.83,AR,1587953285
512,Alekseyevsk,57.84,108.35,58.98,31,0,1.05,RU,1587953286
513,Montenegro,42.5,19.3,53.6,87,27,4.7,ME,1587953286
514,Qasigiannguit,68.82,-51.19,42.8,41,81,20.8,GL,1587953286
515,Batagay,67.63,134.63,40.39,65,96,4.54,RU,1587953287
516,Carbonia,39.17,8.52,62.01,82,40,3.36,IT,1587953287
517,Diamantino,-14.41,-56.45,73.18,83,2,3.65,BR,1587953287
518,Lanzhou,36.06,103.79,63.0,21,0,2.89,CN,1587953280
519,Yuancheng,36.65,107.79,68.0,16,0,9.69,CN,1587953288
520,Kalachinsk,55.05,74.58,56.66,41,27,8.16,RU,1587953288
521,Armidale,-30.52,151.65,64.99,59,100,4.0,AU,1587953289
522,Billings Metropolitan Area,45.78,-108.5,69.01,16,40,8.05,US,1587953086
523,Letlhakane,-21.42,25.58,61.52,62,11,13.11,BW,1587953289
524,Biak,-0.91,122.88,83.82,61,95,5.97,ID,1587953290
525,Alugan,12.22,125.48,82.8,80,97,14.5,PH,1587953290
526,Jijiga,9.35,42.8,63.77,55,8,6.82,ET,1587953290
527,Manggar,-2.88,108.27,84.49,70,100,4.56,ID,1587953226
528,Bowling Green,36.99,-86.44,50.0,81,1,5.82,US,1587953080
529,San Juan Tecuaco,14.08,-90.26,64.4,93,90,11.41,GT,1587953292
530,Swift Current,50.28,-107.8,57.2,16,1,20.8,CA,1587953292
531,Kamiiso,41.82,140.65,46.4,65,75,10.29,JP,1587953292
532,Moranbah,-22.0,148.05,84.52,25,0,17.67,AU,1587953292
533,Payo,-3.75,103.64,84.61,69,99,1.41,ID,1587953293
534,Tura,25.52,90.22,81.57,50,69,1.77,IN,1587953293
535,Ola,59.58,151.28,32.4,92,35,4.88,RU,1587953293
536,Tlachichuca,19.1,-97.42,53.83,40,13,2.84,MX,1587953294
537,Bud,39.45,-86.18,55.4,47,1,10.29,US,1587953294
538,Bonavista,48.65,-53.11,37.0,67,59,10.0,CA,1587953130
539,Mont-Dore,-22.28,166.58,80.01,97,95,13.65,NC,1587953295
540,Gladstone,-23.85,151.25,82.4,48,75,12.75,AU,1587953296
541,Thinadhoo,0.53,72.93,85.06,76,2,11.12,MV,1587953296
542,Bolu Province,40.67,31.58,46.54,52,33,1.12,TR,1587953296
543,Wanning,18.8,110.4,79.02,63,7,7.92,CN,1587953297
544,Hurghada,27.26,33.81,68.0,32,0,5.82,EG,1587953297
545,Angoram,-4.06,144.07,89.37,67,100,1.99,PG,1587953297
546,Tāybād,34.74,60.78,76.82,24,93,5.91,IR,1587953297
547,Polson,47.69,-114.16,55.99,48,99,3.0,US,1587953298
548,Abapó,-18.83,-63.47,67.71,61,6,1.16,BO,1587953298
549,Puerto Carreño,6.19,-67.49,83.62,54,7,3.58,CO,1587953298
550,Saint-François,46.42,3.91,46.4,87,2,2.24,FR,1587953299
551,Žemaičių Naumiestis,55.36,21.7,34.66,87,68,0.6,LT,1587953299
552,Sardhana,29.15,77.62,77.29,55,12,13.62,IN,1587953299
553,Muriwai Beach,-36.82,174.45,69.01,67,100,5.99,NZ,1587953300
554,Malbork,54.04,19.03,42.01,86,11,1.12,PL,1587953301
555,Zhangaözen,43.3,52.8,52.09,76,20,12.93,KZ,1587953301
556,Zhangye,38.93,100.45,73.15,9,0,9.62,CN,1587953301
557,Yashkul',46.17,45.34,51.84,65,12,12.28,RU,1587953302
558,Mujiayingzi,42.12,118.78,57.78,22,0,14.34,CN,1587953302
559,San Lazaro,18.04,-88.66,74.17,90,46,4.14,BZ,1587953302
560,Chipinge,-20.19,32.62,56.28,75,36,3.2,ZW,1587953302
561,Shima,24.45,117.81,73.4,60,73,4.47,CN,1587953303
562,Oliveira do Hospital,40.36,-7.86,48.99,96,23,0.58,PT,1587953303
563,Blackwater,-23.58,148.88,82.53,34,22,12.08,AU,1587953304
564,Khani,41.96,42.96,42.8,93,99,8.05,GE,1587953304
565,Bekhteyevka,50.81,37.21,41.0,93,75,17.9,RU,1587953305
